Date,Open,High,Low,Close,Volume
1/1/2025,248,248,242.5,243.2,"22,273.00"
12/31/2024,241.2,248,239.5,245.4,"73,136.00"
12/29/2024,253,253,245,246,"53,794.00"
12/26/2024,247,251,241,248.8,"77,229.00"
12/24/2024,241.5,248,236.7,247,"66,351.00"
12/23/2024,239,240,235.1,239,"26,186.00"
12/22/2024,237,240,235.4,239,"63,660.00"
12/19/2024,240,244.6,238.2,239,"94,199.00"
12/18/2024,243,247.5,240.1,240.1,"56,194.00"
12/17/2024,237.1,244.4,237.1,243,"23,698.00"
12/16/2024,249,249,240.1,241.6,"62,995.00"
12/12/2024,252.9,252.9,242.2,247,"92,372.00"
12/11/2024,242.7,249,237.9,248,"65,123.00"
12/10/2024,242,242,237,238,"54,148.00"
12/9/2024,243,244.2,239,241.9,"47,823.00"
12/8/2024,250.2,250.2,241.1,243,"131,274.00"
12/5/2024,248.1,254,248.1,250.2,"51,189.00"
12/4/2024,260.1,260.1,251,253,"71,165.00"
12/3/2024,258,258,250,255,"42,833.00"
12/2/2024,258.1,258.1,250.2,253,"79,666.00"
12/1/2024,259,259,253,253.1,"45,517.00"
11/28/2024,261.2,263,259,259,"51,976.00"
11/27/2024,262,264,260,261.2,"50,334.00"
11/26/2024,263.6,263.6,257,261,"96,873.00"
11/25/2024,259.9,259.9,251,258.5,"54,387.00"
11/24/2024,260.1,260.1,251.3,254.9,"59,608.00"
11/21/2024,257,260.9,255,255,"48,916.00"
11/20/2024,258.79,259,255,257,"38,707.00"
11/19/2024,267,267,258.8,258.8,"98,669.00"
11/17/2024,264,270,262.2,263.3,"78,449.00"
11/14/2024,266.2,266.2,259,260,"59,115.00"
11/13/2024,271,271,261,261,"46,383.00"
11/12/2024,270.5,271,266,268,"48,741.00"
11/11/2024,265,274.5,262,268,"144,968.00"
11/10/2024,258,265,258,264,"112,535.00"
11/6/2024,262,262,258,259.5,"32,442.00"
11/5/2024,260,262.8,257,258,"31,228.00"
10/30/2024,266,266,258,260,"82,943.00"
10/29/2024,263,263,259.1,262,"104,544.00"
10/28/2024,260,262,258,260.9,"60,713.00"
10/27/2024,264,264,256,260,"42,221.00"
10/24/2024,268,268,259,259,"58,296.00"
10/23/2024,271,271.9,260.3,263.9,"212,587.00"
10/22/2024,270.1,275.4,266,271,"106,557.00"
10/21/2024,278.4,280.2,272.1,274,"140,505.00"
10/20/2024,280,285.6,270,280.1,"226,052.00"
10/17/2024,281,288,274.5,284.3,"224,299.00"
10/16/2024,275,282.5,275,280,"121,312.00"
10/15/2024,272,276.5,268,275.4,"61,137.00"
10/9/2024,270.8,270.9,265.5,269.2,"63,479.00"
10/8/2024,275,276,267.5,270.8,"78,846.00"
10/7/2024,267.6,273.5,267.6,272,"89,183.00"
10/6/2024,259,269.5,255,267.5,"111,109.00"
10/2/2024,260,263.1,256,260,"130,990.00"
10/1/2024,254.5,258,252.3,258,"113,202.00"
9/30/2024,242.5,252.9,242.5,251.5,"59,124.00"
9/29/2024,241.1,246.5,241,245,"61,423.00"
9/26/2024,252,252,245.4,245.6,"36,044.00"
9/25/2024,243.2,252,241,250,"79,900.00"
9/24/2024,252,252,243,243.2,"68,093.00"
9/23/2024,258,258,246,247.8,"85,246.00"
9/22/2024,255,260.1,248.3,253,"99,851.00"
9/18/2024,245,251.5,241.3,250,"114,697.00"
9/16/2024,249,249,243.1,244.3,"156,894.00"
9/15/2024,250.3,257,247,248.5,"164,609.00"
9/12/2024,244.8,250.9,240,250,"113,008.00"
9/11/2024,247.6,247.6,239,240,"114,097.00"
9/10/2024,240,250,238,244.9,"211,295.00"
9/9/2024,245,245.1,236,239.9,"108,903.00"
9/8/2024,250,251,245,245.1,"77,725.00"
9/5/2024,250.5,251,245,250,"83,521.00"
9/4/2024,264.6,264.6,250,250.5,"68,610.00"
9/3/2024,266.8,269.5,258.3,259.5,"106,970.00"
9/2/2024,250,261.6,245.1,261.6,"124,140.00"
9/1/2024,258,258,247.1,249,"125,932.00"
8/29/2024,263,263,250.9,258.8,"103,397.00"
8/28/2024,264.1,269.9,257,262,"156,620.00"
8/27/2024,268,270,258.8,261.9,"244,794.00"
8/25/2024,285,285,270,273,"262,950.00"
8/22/2024,274,287,274,283,"285,473.00"
8/21/2024,286,286,272,279.1,"285,821.00"
8/18/2024,282.7,300,279.6,280.6,"643,941.00"
8/15/2024,262.1,282.7,258,281.2,"712,865.00"
8/14/2024,257.2,258,251,257,"171,856.00"
8/13/2024,258.2,263.9,255,255.1,"247,482.00"
8/12/2024,244.3,265,244.3,258,"214,293.00"
8/11/2024,240,249.7,238,249.1,"268,794.00"
8/8/2024,244,244,234.5,236.9,"162,026.00"
8/7/2024,233.3,252,225,241,"186,870.00"
8/6/2024,259,259,237,238,"313,150.00"
8/5/2024,272,272,254.1,259.1,"333,244.00"
8/1/2024,276,280,270,271.5,"195,269.00"
7/31/2024,275,286,269,276.2,"410,788.00"
7/30/2024,277,277,260,270.6,"332,635.00"
7/29/2024,280.5,295.7,271.1,277.3,"583,851.00"
7/28/2024,255,275,255,275,"455,185.00"
7/25/2024,248,252.8,245,250,"231,456.00"
7/24/2024,257.9,257.9,245.1,247.9,"240,234.00"
7/23/2024,241,265,238,252.9,"253,696.00"
7/22/2024,250,251.9,237.2,241.8,"267,928.00"
7/21/2024,239.7,249,235,248,"328,079.00"
7/18/2024,225,244,220.1,235,"336,191.00"
7/17/2024,222.1,225,213.8,222,"180,845.00"
7/16/2024,213.9,222,213.9,222,"124,086.00"
7/15/2024,220,226.4,212,218,"138,716.00"
7/14/2024,216.2,224.3,212,217.9,"106,849.00"
7/11/2024,211,212,205,212,"141,057.00"
7/10/2024,206,206.9,201.8,206.9,"81,179.00"
7/9/2024,198,204,198,202,"32,352.00"
7/8/2024,201,203,197.1,198,"36,820.00"
7/7/2024,199.5,201.9,196.5,200,"59,035.00"
7/4/2024,200,202,196,197.9,"51,925.00"
7/3/2024,191.5,198,191.5,196.2,"47,010.00"
7/2/2024,194.8,206,194.1,195,"88,941.00"
7/1/2024,180,191,179.3,191,"33,988.00"
6/30/2024,184,186,180.4,182.2,"41,536.00"
6/27/2024,185,189.6,184.6,185,"16,616.00"
6/26/2024,193.4,193.4,186.3,186.3,"30,469.00"
6/25/2024,189,193.5,189,189.8,"20,899.00"
6/24/2024,189,191.9,187.2,190,"26,841.00"
6/23/2024,190,193,189,190,"16,273.00"
6/20/2024,197.5,197.5,188.2,191,"22,301.00"
6/19/2024,194,194,190.1,193.7,"23,032.00"
6/18/2024,193,195,190,190.2,"24,719.00"
6/16/2024,196,197,192.6,193,"24,476.00"
6/13/2024,200.9,200.9,194.5,194.9,"44,550.00"
6/12/2024,198,203,195,197,"74,758.00"
6/11/2024,196.8,199.9,189.5,197,"57,035.00"
6/10/2024,196.8,196.8,190,193,"25,144.00"
6/9/2024,201.8,205.8,191.6,193,"54,425.00"
6/6/2024,201.9,201.9,196.6,197.9,"40,516.00"
6/5/2024,200,204,198,198,"51,675.00"
6/4/2024,204,204,198,200,"41,757.00"
6/3/2024,205,209.1,199.1,200,"39,769.00"
6/2/2024,200,212,199,201,"57,774.00"
5/30/2024,198,205,195,197,"59,163.00"
5/29/2024,216.7,221,198,199,"126,241.00"
5/27/2024,214.9,218,208.1,212.5,"131,194.00"
5/26/2024,207,218,202,211,"294,670.00"
5/22/2024,191,207.9,191,205,"305,166.00"
5/21/2024,189.2,191.8,186.1,189,"42,591.00"
5/20/2024,186,195,185.5,189.1,"129,611.00"
5/19/2024,183.1,186,180.1,183,"59,340.00"
5/16/2024,181.6,181.6,176.1,179.6,"20,948.00"
5/15/2024,182.9,182.9,178,178.1,"34,026.00"
5/14/2024,180,180,173,179.9,"45,568.00"
5/13/2024,173,187,170,176.9,"50,556.00"
5/12/2024,169,172,168.2,171,"26,882.00"
5/9/2024,169.9,171,168.6,169.7,"16,448.00"
5/8/2024,171.1,171.1,162,170.5,"50,303.00"
5/7/2024,171.5,171.5,168.2,170.8,"22,827.00"
5/6/2024,168.8,172.2,168,169.4,"22,662.00"
5/5/2024,171,172.5,170,170.4,"45,859.00"
5/2/2024,176.8,176.8,170.6,173.6,"36,576.00"
4/30/2024,171,175,167.1,173.4,"29,924.00"
4/29/2024,171,171,169,170.5,"33,983.00"
4/28/2024,170.1,172,167.6,169.7,"44,389.00"
4/25/2024,172.5,174,170.1,171,"26,965.00"
4/24/2024,173,173,170.1,172.3,"29,271.00"
4/22/2024,171,174,171,172.9,"23,281.00"
4/21/2024,174,174,170.7,173.7,"26,556.00"
4/18/2024,174,175,172,174.5,"19,212.00"
4/16/2024,179,179,171,174,"10,573.00"
4/15/2024,175,177,173.2,176,"28,531.00"
4/14/2024,179,179,175,176,"33,351.00"
4/10/2024,177,179,174,177.1,"37,688.00"
4/9/2024,177,178.5,175.7,177.2,"29,320.00"
4/7/2024,177,177,172.5,175.9,"72,850.00"
4/4/2024,175,178,175,177,"15,096.00"
4/3/2024,179,179,175.7,176,"44,907.00"
4/2/2024,178,179.9,176.2,178.2,"30,530.00"
4/1/2024,179,180,178,178,"26,641.00"
3/31/2024,180,191,179.6,179.6,"23,028.00"
3/28/2024,179.3,191.2,178,180,"24,036.00"
3/27/2024,180,188.2,179.5,180.3,"23,458.00"
3/26/2024,181,182.5,180.1,181,"20,379.00"
3/25/2024,187,187,181.2,183,"30,112.00"
3/21/2024,190.6,190.6,186,186.1,"10,308.00"
3/20/2024,189.9,191,187,188,"28,406.00"
3/19/2024,189,189.8,187,188.5,"18,140.00"
3/18/2024,191,192,187.7,189,"31,055.00"
3/17/2024,186.7,199.1,186.7,194.3,"76,029.00"
3/14/2024,192.4,195.8,188.5,189.8,"28,396.00"
3/13/2024,201.6,201.6,190.5,195.9,"40,827.00"
3/12/2024,186.1,197.7,183,197.7,"45,284.00"
3/10/2024,180,183.9,179.3,183.7,"18,422.00"
3/7/2024,184,187,180,181.6,"21,752.00"
3/6/2024,182,182,178,181.4,"22,357.00"
3/5/2024,188.5,188.5,179,180,"45,753.00"
3/4/2024,180.4,184.9,180.4,184.9,"2,112.00"
3/3/2024,175.4,179,174.6,177.8,"34,213.00"
2/29/2024,177,180,176,177.2,"75,077.00"
2/28/2024,177.1,179,176.2,177,"20,132.00"
2/27/2024,179,179,176.4,177.5,"43,476.00"
2/26/2024,177,179,175.6,177,"38,267.00"
2/25/2024,182,182,177.6,177.6,"52,044.00"
2/22/2024,182,183.8,180,180.1,"55,479.00"
2/21/2024,186.5,188.9,182.2,182.8,"62,612.00"
2/20/2024,189,189,185.9,186.3,"21,364.00"
2/18/2024,186,189,186,186.5,"38,124.00"
2/15/2024,188,190,187,189.2,"24,895.00"
2/14/2024,191,191,189,190,"23,683.00"
2/13/2024,191,192.1,190,190.1,"28,834.00"
2/12/2024,191,193.8,190.1,191,"20,060.00"
2/11/2024,192,194,191.1,191.7,"22,302.00"
2/8/2024,192,193,190.1,192.8,"34,850.00"
2/7/2024,195,195,190.6,192,"42,571.00"
2/6/2024,192,193,190.5,192,"30,292.00"
2/5/2024,192,192.9,191,192,"24,977.00"
2/4/2024,192,193,189.1,191,"37,772.00"
2/1/2024,193,194,192,192.5,"39,663.00"
1/31/2024,198,198,192.2,195,"69,374.00"
1/30/2024,196,200.9,193.9,196,"70,800.00"
1/29/2024,196,213,194.2,197.4,"39,031.00"
1/28/2024,201,201,195,196,"35,363.00"
1/25/2024,196.1,199,194.1,197.5,"59,418.00"
1/24/2024,197,198,195.2,197,"44,157.00"
1/23/2024,196,197.9,195,196.7,"28,254.00"
1/22/2024,198.1,201,194,195.9,"99,015.00"
1/21/2024,208,208,198.1,198.1,"102,264.00"
1/18/2024,208,209,205.1,208,"42,137.00"
1/17/2024,210,214,204,209.1,"89,869.00"
1/16/2024,202,206.4,202,205.9,"77,569.00"
1/14/2024,200,203,199,201.5,"45,910.00"
1/11/2024,199.5,201.8,198,199,"27,103.00"
1/10/2024,200.5,204.5,197.7,199.5,"46,642.00"
1/9/2024,200.9,200.9,196.1,196.6,"56,073.00"
1/8/2024,197,199.3,194.6,197.1,"64,697.00"
1/7/2024,197,198.5,195.1,195.5,"102,281.00"
1/4/2024,201,202,196.2,197.6,"76,900.00"
1/3/2024,200,201.9,199.7,201,"30,974.00"
1/2/2024,202,202,200.2,200.2,"26,890.00"
1/1/2024,203.7,205,202,202.5,"35,429.00"
12/28/2023,204,205.8,203,203.7,"43,116.00"
12/27/2023,209,213,205,206,"32,083.00"
12/24/2023,209,214,209,209.1,"67,715.00"
12/21/2023,214,215,208.9,208.9,"66,169.00"
12/20/2023,210,216.9,210,213,"58,663.00"
12/19/2023,210,214.2,208.8,214.2,"68,768.00"
12/18/2023,203,209,203,209,"75,100.00"
12/17/2023,204.1,204.1,192.5,203,"81,185.00"
12/14/2023,210,211,206,208.2,"74,281.00"
12/13/2023,208,211.2,208,209.2,"100,545.00"
12/12/2023,210,211,207.2,208,"57,875.00"
12/11/2023,212,215,200.4,211.5,"115,415.00"
12/10/2023,200.1,208.1,200.1,208,"2,445.00"
12/7/2023,193.1,197,193,196.2,"60,864.00"
12/6/2023,195,195,194,194.3,"39,066.00"
12/5/2023,195,195.4,194.5,194.7,"26,490.00"
12/4/2023,197,197,194.9,195,"40,730.00"
12/3/2023,197.1,197.1,195.2,196.1,"36,956.00"
11/30/2023,200.3,200.3,196,198.5,"60,404.00"
11/29/2023,202.2,207,202.2,204.3,"13,075.00"
11/28/2023,204.7,207.8,204.7,205,"20,011.00"
11/27/2023,209,210.9,206,207,"16,144.00"
11/26/2023,208,209.9,204.9,208.9,"22,763.00"
11/23/2023,204.5,206,202.5,205,"7,964.00"
11/22/2023,204.5,207,204.2,204.3,"10,209.00"
11/21/2023,205.2,208.8,204.2,204.5,"16,966.00"
11/20/2023,208,209.7,205.4,207,"16,861.00"
11/9/2023,205.5,206.5,204.5,205.1,"15,797.00"
11/8/2023,206,209.7,206,207.6,"6,277.00"
11/7/2023,204,210,203,207.2,"21,004.00"
11/6/2023,201.5,205.9,201.2,205.9,"28,527.00"
11/5/2023,202.1,205.8,202.1,203,"41,623.00"
11/2/2023,205,207,205,205.4,"12,966.00"
11/1/2023,203,208.9,203,208,"21,930.00"
10/31/2023,210,210,205.8,206,"10,621.00"
10/30/2023,204,208.4,204,207,"18,675.00"
10/29/2023,207.4,210,206,206.5,"15,376.00"
10/19/2023,214.9,214.9,200.9,209,"46,766.00"
10/18/2023,210.9,212.8,209,212,"20,709.00"
10/17/2023,207,210,207,208.5,"21,092.00"
10/16/2023,207,208.9,206,206.8,"25,722.00"
10/12/2023,214,214,208,208.7,"40,038.00"
10/11/2023,209,212,208.6,212,"25,549.00"
10/10/2023,211,212.5,209.3,209.3,"40,439.00"
10/9/2023,215,215,211.1,212.1,"39,214.00"
10/8/2023,215,217,212,212,"36,655.00"
10/5/2023,218,218,214.6,215,"14,466.00"
10/4/2023,215.1,217,215,216,"28,315.00"
10/3/2023,215.2,216.5,215,215.1,"22,558.00"
10/2/2023,217,217,215.4,215.6,"20,886.00"
10/1/2023,217.1,218,215.1,216.3,"28,295.00"
9/27/2023,218,219.5,217,217.2,"12,362.00"
9/26/2023,220.9,220.9,217.5,217.7,"25,539.00"
9/25/2023,219,220.9,217.1,217.1,"20,532.00"
9/24/2023,219,221,218,218,"23,695.00"
9/21/2023,220.5,221,218.1,219,"53,318.00"
9/19/2023,216,217,215.9,216.2,"23,680.00"
9/18/2023,217,218.9,215.7,216,"19,124.00"
9/17/2023,218,221.8,216,217.8,"42,264.00"
9/13/2023,219.1,221,217,218.9,"60,115.00"
9/12/2023,223,223,219,219.9,"14,278.00"
9/11/2023,219,223,217,220,"29,684.00"
9/10/2023,216.1,219,215.7,216,"34,177.00"
9/7/2023,220,220,216,217,"33,962.00"
9/5/2023,220,222,219.4,219.5,"18,538.00"
9/4/2023,221,224,218.1,220.1,"26,587.00"
9/3/2023,222.2,223.5,221.3,221.3,"21,914.00"
8/30/2023,228.3,228.3,222,223,"22,627.00"
8/29/2023,225,225,221,224,"17,626.00"
8/28/2023,223,226,223,224,"17,317.00"
8/27/2023,226.1,226.5,223.2,223.2,"14,027.00"
8/24/2023,228,230,225,226,"52,219.00"
8/23/2023,227,229.7,225.2,226,"20,675.00"
8/22/2023,222,227.9,221.1,227.9,"38,096.00"
8/21/2023,222.5,228,222.5,223,"37,128.00"
8/20/2023,224,225.7,223,224,"17,213.00"
8/17/2023,227,227,224.1,226,"33,630.00"
8/16/2023,226,229,222.6,227,"40,284.00"
8/15/2023,230.6,232.5,225.8,226,"19,589.00"
8/14/2023,230,230.4,226.3,230.3,"21,616.00"
8/13/2023,226,230,224,228,"20,552.00"
8/10/2023,228.2,229,223.7,226,"21,931.00"
8/9/2023,223,229,221.4,228.1,"36,060.00"
8/8/2023,226.3,229,225,227,"25,710.00"
8/7/2023,229.1,231,226.4,228.8,"33,296.00"
8/6/2023,240,243,229.5,231,"81,590.00"
8/3/2023,239,243,236,239,"62,826.00"
8/2/2023,232.1,237.8,232,236.2,"47,315.00"
8/1/2023,239.5,239.5,232,233.5,"23,606.00"
7/31/2023,235.9,237.7,230.1,234.9,"94,668.00"
7/30/2023,234,235.9,230.1,232,"52,688.00"
7/27/2023,238,238,232.5,233.1,"49,882.00"
7/26/2023,236.7,240,235.2,237,"47,892.00"
7/25/2023,241,241,236.5,236.6,"48,038.00"
7/24/2023,251.9,252,240.2,243,"178,398.00"
7/23/2023,242.9,251.9,240,251.9,"124,235.00"
7/20/2023,245,246,239.2,239.6,"97,009.00"
7/19/2023,234,244.8,233,242,"126,285.00"
7/18/2023,234.9,237.8,232,235.6,"65,540.00"
7/17/2023,228.9,236,225.1,234,"76,129.00"
7/16/2023,225,227.9,224,226,"47,698.00"
7/13/2023,226,226,222.2,224,"43,973.00"
7/12/2023,225,228,222.4,223,"50,705.00"
7/11/2023,225,225.9,222.1,225.8,"54,191.00"
7/10/2023,226,229,222,224.5,"339,164.00"
7/9/2023,222,227,220.1,226,"393,197.00"
7/6/2023,221,223,220,221.9,"33,843.00"
7/5/2023,225,225,222,223,"33,548.00"
7/4/2023,223.7,226,220.4,226,"50,284.00"
7/3/2023,229.5,229.5,223,223.7,"35,265.00"
7/2/2023,226,230,221.5,226,"48,874.00"
6/28/2023,234,236.6,228,229,"69,435.00"
6/27/2023,225.5,232.3,223.1,232,"74,083.00"
6/26/2023,223,227,221.5,224,"113,243.00"
6/25/2023,220.2,225,220.2,223,"98,814.00"
6/22/2023,226.5,228,222.2,222.3,"43,989.00"
6/21/2023,227,229,224.5,226.5,"83,469.00"
6/20/2023,221.5,230.5,221.5,229,"115,964.00"
6/19/2023,228,230.5,223.6,223.7,"85,899.00"
6/18/2023,223.6,228.9,223.6,226,"70,113.00"
6/15/2023,228,230,227,228,"23,090.00"
6/14/2023,229.9,231.9,226.5,229,"74,639.00"
6/13/2023,225.2,229.9,225.2,227.5,"36,204.00"
6/12/2023,228.5,229.8,226,227.5,"18,267.00"
6/11/2023,230,230,226,227,"28,089.00"
6/8/2023,225,228,223,228,"32,988.00"
6/7/2023,228,229.9,224.4,229.4,"38,569.00"
6/6/2023,223,229,222.7,228.9,"45,046.00"
6/5/2023,235,235,226,226.8,"37,741.00"
6/4/2023,215.7,230.6,215.7,230.6,"32,332.00"
6/1/2023,222,224,217,220.1,"72,745.00"
5/31/2023,228,228,220,221,"76,508.00"
5/30/2023,231,234,227,228,"63,581.00"
5/28/2023,235.2,239.8,234.2,234.2,"61,630.00"
5/24/2023,233.1,240,233.1,235.5,"29,542.00"
5/23/2023,231.8,238,230.6,236,"32,178.00"
5/22/2023,232,234,231.5,231.7,"25,656.00"
5/21/2023,234,238.5,233.8,233.8,"25,218.00"
5/18/2023,233,237.5,231.6,234,"31,399.00"
5/17/2023,231.6,236.3,231.6,236.3,"33,096.00"
5/16/2023,237.9,237.9,230,235,"28,676.00"
5/15/2023,236,236.4,232.4,236,"27,421.00"
5/14/2023,237,237,232.8,236.8,"28,955.00"
5/11/2023,232,238.7,231,235,"21,735.00"
5/10/2023,239.7,239.7,231.3,235,"32,827.00"
5/9/2023,235,236,231,235,"26,604.00"
5/8/2023,232,236,231,234,"34,426.00"
5/7/2023,236,236.5,232.3,235,"25,325.00"
5/4/2023,237.2,238,232.5,236,"22,148.00"
5/3/2023,234,236.9,232,232.8,"25,301.00"
5/2/2023,234.5,238,231,234,"23,939.00"
4/30/2023,235,239,233,234.5,"39,278.00"
4/27/2023,234.5,239.6,232.3,239,"22,462.00"
4/26/2023,239.1,239.1,235,239,"33,751.00"
4/25/2023,237,239,233.1,239,"48,939.00"
4/24/2023,231,239,231,235,"37,291.00"
4/23/2023,234.1,238,234,235,"49,216.00"
4/20/2023,243,243.7,232.9,236.9,"47,590.00"
4/19/2023,232.6,240,232,239,"38,472.00"
4/18/2023,228,234,228,234,"33,044.00"
4/17/2023,232,235,227.5,228.1,"45,894.00"
4/16/2023,233,236,232,235,"15,615.00"
4/13/2023,236.7,239,231.4,235,"61,719.00"
4/12/2023,231.9,239,229.1,239,"64,098.00"
4/11/2023,231,231,223.5,227.6,"47,241.00"
4/10/2023,221,227.9,216.6,227,"48,581.00"
4/9/2023,216.1,219,215,219,"42,893.00"
4/6/2023,220,221,217,218,"36,962.00"
4/5/2023,218,219,216,217.5,"26,723.00"
4/4/2023,218,219.9,215,218,"34,718.00"
4/3/2023,220,221,217,219.8,"36,234.00"
4/2/2023,223.2,226.8,220,220,"34,052.00"
3/30/2023,226.9,226.9,223,223.1,"13,294.00"
3/29/2023,220.1,224,220.1,223.8,"17,194.00"
3/28/2023,229.9,229.9,222,223,"31,475.00"
3/27/2023,223,226,221,226,"28,974.00"
3/26/2023,234,234,224,226,"47,037.00"
3/23/2023,221,238.6,220,229.9,"91,433.00"
3/22/2023,225,226,220.2,222,"21,734.00"
3/20/2023,221,224,220,222,"26,799.00"
3/19/2023,220,222,219,220.9,"47,758.00"
3/16/2023,219,222,218,221,"32,636.00"
3/15/2023,219,220.9,217.9,219,"51,000.00"
3/14/2023,222,223,219,220.7,"63,535.00"
3/13/2023,223,225,220.5,221.3,"67,770.00"
3/12/2023,235,235,223.1,224,"56,015.00"
3/9/2023,225.6,232.5,225.6,231,"32,747.00"
3/7/2023,227,229,225,226.5,"23,977.00"
3/5/2023,225.3,227.9,223.6,225,"33,396.00"
3/2/2023,229,229,225,225.5,"22,841.00"
3/1/2023,232,232,226,226,"30,685.00"
2/28/2023,232,232,227.8,228,"31,982.00"
2/27/2023,232,232,227.6,232,"74,966.00"
2/26/2023,227.5,231,226.1,229.1,"43,470.00"
2/23/2023,245,245,229,232,"159,136.00"
2/22/2023,232.5,244.4,228,244.4,"37,875.00"
2/20/2023,229,230,225.5,228,"111,150.00"
2/16/2023,231.5,232,229.7,229.9,"55,960.00"
2/15/2023,235,236,232,232.9,"23,395.00"
2/14/2023,238,238,234.2,234.3,"27,997.00"
2/12/2023,241.5,244.8,236.7,238,"41,303.00"
2/9/2023,240.2,246.8,240.2,246,"37,191.00"
2/8/2023,247,251,241.4,245,"81,454.00"
2/7/2023,238,251,235.2,251,"54,758.00"
2/6/2023,231.5,234.4,230.6,234,"23,794.00"
2/5/2023,232.5,235,230.4,231,"49,241.00"
2/2/2023,230,237,230,232.5,"32,012.00"
2/1/2023,234.9,235,232,233,"39,313.00"
1/31/2023,240,240,232.3,234.1,"42,708.00"
1/30/2023,239,240,236.2,236.2,"51,037.00"
1/29/2023,245,245,240,243,"41,562.00"
1/26/2023,246,249.8,244.5,245,"42,617.00"
1/25/2023,252,252,245,248,"108,753.00"
1/24/2023,242.5,255.6,242.5,247.9,"53,484.00"
1/23/2023,245,254,245,245.7,"87,172.00"
1/19/2023,240.1,244,240,242,"53,929.00"
1/18/2023,243.1,248,241.7,242,"68,116.00"
1/17/2023,248.8,249,241.2,245,"49,910.00"
1/12/2023,254,264,245,246,"70,807.00"
1/10/2023,251,268.2,246,252,"139,095.00"
1/9/2023,235,249,234.1,249,"103,395.00"
1/8/2023,240,241.9,235.1,237.3,"57,693.00"
1/5/2023,243,245,236.5,238.1,"36,274.00"
1/4/2023,235,241.2,234.2,240,"46,503.00"
1/3/2023,237,240,233,236,"43,145.00"
1/2/2023,232.2,241.5,232.1,238.9,"43,136.00"
1/1/2023,236,246.8,232.4,233.3,"59,109.00"
12/29/2022,230.1,234.9,228,232.6,"35,990.00"
12/28/2022,236,237,232,232.5,"34,737.00"
12/27/2022,238,240,232.2,235.4,"68,568.00"
12/26/2022,232,234,229,234,"39,542.00"
12/22/2022,228,233.9,228,233,"27,822.00"
12/21/2022,227.2,231,227.2,230.8,"13,481.00"
12/20/2022,230,232,227.1,231,"27,152.00"
12/19/2022,229.9,230,226.5,228,"19,234.00"
12/18/2022,228,231,226.7,229.9,"36,667.00"
12/15/2022,229,232,228,230.4,"20,588.00"
12/14/2022,230,233,228.3,230,"20,869.00"
12/13/2022,231,232.5,229.4,232,"11,453.00"
12/12/2022,230,231.5,225.6,230,"60,300.00"
12/11/2022,234,234,230,232,"43,742.00"
12/7/2022,241.4,241.4,232.6,234.5,"50,940.00"
12/6/2022,247,248,233.3,236.7,"110,192.00"
12/5/2022,263,263,252,252,"58,210.00"
12/4/2022,258,259,253,257.9,"28,836.00"
12/1/2022,251,258.6,248.9,255,"49,007.00"
11/30/2022,250.7,254.9,246,253.9,"36,084.00"
11/29/2022,247,250,241,250,"36,930.00"
11/28/2022,248.1,250.9,247.7,248,"30,667.00"
11/27/2022,241,249.5,241,249.5,"25,124.00"
11/24/2022,240,246.7,240,245,"21,347.00"
11/23/2022,244,245.8,238,243,"14,169.00"
11/22/2022,244.5,244.5,238,241,"17,690.00"
11/17/2022,239.8,240,236.1,240,"17,325.00"
11/16/2022,236.2,237,232.3,236,"16,942.00"
11/15/2022,239.5,239.5,234,235,"23,444.00"
11/14/2022,238,238,233.6,235,"31,347.00"
11/13/2022,240,240,236,236.1,"9,257.00"
11/10/2022,239.4,242,238.6,239,"15,835.00"
11/9/2022,245,246,237.5,241,"38,799.00"
11/8/2022,245.4,248,244.3,245,"18,018.00"
11/7/2022,249,252.5,247.5,247.8,"30,701.00"
11/6/2022,246,248.3,242.3,248,"27,429.00"
11/3/2022,247,247,243,244,"19,597.00"
11/2/2022,249.5,251,241,247,"29,667.00"
11/1/2022,239,250,239,249,"29,369.00"
10/31/2022,239,241.9,235.2,238.5,"17,333.00"
10/23/2022,235,238,235,237.5,"10,105.00"
10/20/2022,237,237,231.3,234.9,"8,916.00"
10/19/2022,235,236,232.1,236,"15,500.00"
10/17/2022,234,236,234,235,"9,152.00"
10/16/2022,234,237,232,232.1,"18,406.00"
10/13/2022,237.7,238,229,238,"46,288.00"
10/12/2022,238,238,233.3,235.9,"27,483.00"
10/11/2022,235,235.6,230.3,234,"13,708.00"
10/10/2022,240,240,234,235.6,"10,333.00"
10/9/2022,235,239,230.1,238,"12,426.00"
9/29/2022,227,234,227,232,"27,080.00"
9/28/2022,231.5,232,228,230,"14,894.00"
9/27/2022,227.1,231,226.5,229,"14,567.00"
9/25/2022,231,231,226.4,228,"17,585.00"
9/22/2022,230,233,228.1,230.9,"16,104.00"
9/21/2022,233.9,234.6,228,229,"15,903.00"
9/20/2022,232,234.9,228,230,"31,286.00"
9/18/2022,233,236.5,229,235.4,"45,605.00"
9/16/2022,235,237.9,231.3,237.4,"18,591.00"
9/15/2022,244,244,235.1,238,"46,594.00"
9/14/2022,239.9,242.7,238,240.9,"21,555.00"
9/13/2022,240,240,237.1,238,"12,617.00"
9/12/2022,240,240,236.9,237,"31,371.00"
9/11/2022,240.4,243.1,240,241.1,"18,482.00"
9/8/2022,242,244,241.1,242,"15,192.00"
9/7/2022,245,248.7,242,243.1,"17,856.00"
9/6/2022,245,246.9,244.5,244.5,"18,774.00"
9/5/2022,244,248,244,247,"12,747.00"
9/4/2022,248,248,243.1,246,"26,064.00"
9/2/2022,248,248,243.7,244,"9,339.00"
9/1/2022,244,247.9,243,246.9,"23,454.00"
8/31/2022,248,249,245.1,247.9,"15,427.00"
8/30/2022,250,251,247,248,"10,174.00"
8/29/2022,249,250,245.1,248.8,"28,587.00"
8/28/2022,249,251,246,249,"25,195.00"
8/26/2022,250.9,253,250,252,"18,641.00"
8/25/2022,253.3,257.8,253.1,254,"17,766.00"
8/24/2022,256,257.8,254,255,"21,891.00"
8/23/2022,254,256.8,253.4,254.7,"22,013.00"
8/22/2022,257,257,252,254,"18,178.00"
8/21/2022,257,259,252,252,"29,978.00"
8/18/2022,253,255,251.4,252,"48,355.00"
8/17/2022,254,258.9,251.5,253,"28,085.00"
8/16/2022,253,263.1,252,254,"24,975.00"
8/15/2022,251,254,250,253,"17,395.00"
8/14/2022,252,257,249.5,250.9,"34,444.00"
8/11/2022,255,259,251,254.2,"25,733.00"
8/10/2022,256,257,250,255.1,"27,734.00"
8/9/2022,260,260,255,256,"36,926.00"
8/8/2022,264,264,259,261,"39,890.00"
8/7/2022,255.4,264.9,255.4,260,"31,446.00"
8/5/2022,265,268,260,260.6,"39,936.00"
8/4/2022,274,275,265,268.9,"70,344.00"
8/3/2022,273.2,273.2,266,269.9,"39,081.00"
8/2/2022,270,275,266.1,269,"24,149.00"
8/1/2022,270,277,267.1,272,"54,534.00"
7/31/2022,263,267.7,257,266.9,"54,953.00"
7/29/2022,263,263,255,258,"15,734.00"
7/28/2022,261,261,256,258,"52,551.00"
7/27/2022,264,264,257.2,258,"24,772.00"
7/26/2022,266,267,260,260.1,"24,462.00"
7/25/2022,267.2,270,262.4,265,"30,012.00"
7/24/2022,263,264,259,262,"17,733.00"
7/22/2022,263.1,264,257.1,258.6,"15,718.00"
7/21/2022,266,272,264,265.1,"29,627.00"
7/20/2022,267,268.1,265,266.4,"14,994.00"
7/19/2022,270,270,265,267.9,"14,780.00"
7/18/2022,268,268,260,265.9,"15,538.00"
7/17/2022,263,264.7,260.4,263,"18,810.00"
7/15/2022,261.9,262,258,261,"23,894.00"
7/14/2022,262,263,256,258,"22,474.00"
7/13/2022,248,258,247.1,258,"77,928.00"
7/12/2022,247,251.8,245,249.3,"86,608.00"
7/11/2022,254,254,245,247,"46,135.00"
7/8/2022,254,256.9,254,256,"58,995.00"
7/7/2022,262.2,263,256,257,"83,273.00"
7/6/2022,260,260,255,257.1,"78,518.00"
7/5/2022,257,261,255,258,"93,016.00"
7/4/2022,261.5,267.5,258.1,258.4,"71,547.00"
7/3/2022,260,260,255.1,260,"45,552.00"
7/1/2022,265.1,266,259.1,260,"18,894.00"
6/30/2022,255,262.1,255,262,"39,723.00"
6/29/2022,251,256,251,256,"26,210.00"
6/28/2022,250,255,249,254,"27,958.00"
6/27/2022,262,262,253,255,"22,906.00"
6/26/2022,250.1,260,250.1,257.2,"41,691.00"
6/24/2022,250,251,240,249.9,"38,218.00"
6/23/2022,250,255,248,250,"60,116.00"
6/22/2022,260,260,252.9,255,"35,992.00"
6/21/2022,253,262.1,252,258,"31,684.00"
6/20/2022,267,268,254.3,256,"43,981.00"
6/19/2022,265.2,270,262,262.9,"31,938.00"
6/17/2022,264,272,264,267,"34,708.00"
6/16/2022,253,264,251.6,264,"39,007.00"
6/15/2022,258,260,255,256.7,"49,181.00"
6/14/2022,263,266,260.5,262.2,"21,077.00"
6/13/2022,268,268,263,264.5,"25,913.00"
6/10/2022,274.9,274.9,262,268,"31,416.00"
6/9/2022,272.5,275.2,269,270.8,"42,161.00"
6/8/2022,260,269,260,267.4,"32,014.00"
6/7/2022,264,264,258.1,258.1,"35,120.00"
6/6/2022,270.1,273,260,264,"37,197.00"
6/3/2022,269.5,273,266,269,"26,798.00"
6/2/2022,273.1,276,270,271.3,"17,865.00"
6/1/2022,275,278,270,273,"17,677.00"
5/31/2022,280,282,271,272,"31,231.00"
5/30/2022,289.9,289.9,278,279,"28,175.00"
5/27/2022,287,287,282.5,285.9,"32,991.00"
5/26/2022,285,285,281,284.9,"23,601.00"
5/25/2022,285,286,281,282.8,"18,363.00"
5/24/2022,280,285,280,282,"22,025.00"
5/23/2022,286,286,280,280,"22,294.00"
5/20/2022,286,288,283,283.1,"20,893.00"
5/19/2022,290,290,286,288,"18,632.00"
5/18/2022,287,290,283,288.4,"16,563.00"
5/17/2022,298,299,287,288,"18,997.00"
5/12/2022,298,300,293,296.9,"32,610.00"
5/11/2022,296,296.5,292,294.6,"18,753.00"
5/10/2022,287,294.5,285,290.9,"26,916.00"
5/9/2022,284,290,281.4,285,"31,437.00"
5/8/2022,281.9,283,277,279,"33,057.00"
5/5/2022,290,290,281,281.5,"33,439.00"
5/4/2022,287,290.9,285.2,286,"26,156.00"
5/2/2022,293,294,289,291,"27,499.00"
4/28/2022,295,295,292,293,"25,873.00"
4/27/2022,297,298,294,294.2,"19,611.00"
4/26/2022,295,300,293,297,"27,948.00"
4/25/2022,304.9,305,296,296,"25,030.00"
4/24/2022,293.9,301,290.5,299.9,"35,293.00"
4/21/2022,296,297,287,289,"37,519.00"
4/20/2022,293,297,290.3,292.9,"30,230.00"
4/19/2022,295,299,286,293,"32,995.00"
4/18/2022,290,294,290,293.5,"28,035.00"
4/17/2022,297,300,292,294,"35,265.00"
4/13/2022,291,294.9,290,293,"28,247.00"
4/12/2022,295,298,290,291,"36,014.00"
4/11/2022,301,305,294,295,"42,419.00"
4/7/2022,302,302.9,294.1,297,"79,585.00"
4/6/2022,300,300,295,297,"50,955.00"
4/5/2022,306,306,298,301,"72,788.00"
4/4/2022,303,307,301,306,"49,325.00"
4/3/2022,306,306,300,303.5,"32,112.00"
3/31/2022,310,310,303,304,"29,850.00"
3/30/2022,305,306,300,304,"45,545.00"
3/29/2022,309,310,302.3,304.9,"40,283.00"
3/28/2022,309,311,305,307.9,"45,565.00"
3/27/2022,315,315,308,309.2,"66,245.00"
3/24/2022,310,315,310,312,"32,775.00"
3/23/2022,317,317.1,311,314.9,"37,611.00"
3/22/2022,317,320,315.7,316.1,"38,548.00"
3/21/2022,315,318,309.1,316,"50,637.00"
3/20/2022,315.5,316,310,314.5,"21,991.00"
3/16/2022,318.1,318.7,315.1,316,"20,388.00"
3/15/2022,317,320,315.3,317.9,"28,534.00"
3/14/2022,323,326.9,316.5,316.5,"20,253.00"
3/13/2022,317,325,310,322.8,"42,573.00"
3/10/2022,307,311,305,310.9,"19,182.00"
3/9/2022,312,313.7,305,307,"48,000.00"
3/7/2022,309,315,309,309,"22,309.00"
3/6/2022,312,315,308.7,309.1,"44,259.00"
3/2/2022,310,315,308,309.1,"52,893.00"
2/28/2022,320.7,324,313,313.8,"41,040.00"
2/27/2022,320,320,314,314.5,"34,905.00"
2/24/2022,322,322.1,316,317.1,"75,064.00"
2/23/2022,327,327,323,324,"32,142.00"
2/22/2022,325,330,322.5,325.2,"34,205.00"
2/21/2022,323,326,320,325,"43,544.00"
2/20/2022,324,326,319,322.8,"40,760.00"
2/17/2022,327,330,326,326.5,"19,827.00"
2/16/2022,327,328.5,325,326,"39,665.00"
2/15/2022,325.1,328,322.5,327,"62,430.00"
2/14/2022,328,330.9,321,324,"90,724.00"
2/13/2022,330,334,324,324.4,"98,866.00"
2/10/2022,339,339,334.5,335,"46,342.00"
2/9/2022,340,342,337,338,"36,942.00"
2/8/2022,347,355.5,339,340,"62,268.00"
2/7/2022,341,344,338.3,340.7,"50,996.00"
2/6/2022,345,350,340,342,"52,586.00"
2/3/2022,353,354,345,347,"55,570.00"
2/1/2022,347,349,343,347.5,"46,912.00"
1/31/2022,352,355,346.5,347,"28,505.00"
1/30/2022,346.9,360,346.9,352,"45,647.00"
1/27/2022,345,349,339,340.1,"37,922.00"
1/26/2022,345,349,342,343.1,"44,525.00"
1/25/2022,355.9,355.9,345,350,"54,720.00"
1/24/2022,360,361,347,349,"76,337.00"
1/23/2022,371,371,359,362,"72,095.00"
1/20/2022,367,372,366.5,369,"39,556.00"
1/19/2022,373.5,378,367.4,370,"82,644.00"
1/18/2022,367,387.6,363,377.9,"134,459.00"
1/17/2022,369,370,361,365.1,"61,957.00"
1/16/2022,360,367,356.5,362,"98,299.00"
1/13/2022,352,357,352,353.4,"57,431.00"
1/12/2022,359,361,353,353.1,"80,396.00"
1/11/2022,362,362,355,359,"81,984.00"
1/10/2022,371.2,371.2,358,358.5,"89,810.00"
1/9/2022,355.5,365,354,364,"138,572.00"
1/6/2022,349,354,345.5,352,"71,121.00"
1/5/2022,360,363,348.1,349,"61,584.00"
1/4/2022,330.1,359,330.1,358,"122,527.00"
1/3/2022,335,338,329,335,"61,935.00"
1/2/2022,330,332,326,329.5,"55,759.00"
12/29/2021,334,334,326.5,329,"49,340.00"
12/28/2021,332,332,326,328,"50,081.00"
12/27/2021,340,340.9,331,332,"62,944.00"
12/26/2021,341,341,335,337,"89,358.00"
12/23/2021,340,342,335,337.1,"39,561.00"
12/22/2021,333,343,330,340,"76,814.00"
12/21/2021,373,380,371,378.4,"172,280.00"
12/20/2021,375.1,375.1,364.5,368,"103,629.00"
12/16/2021,369,369,362,367.8,"45,412.00"
12/15/2021,370.9,377,365,369,"81,540.00"
12/14/2021,359,370.7,356,369.7,"48,816.00"
12/13/2021,361,363,346.5,352,"109,886.00"
12/12/2021,370,370,360,362,"48,455.00"
12/9/2021,363,368,362.2,367,"39,811.00"
12/8/2021,371,373.9,365,365.5,"51,458.00"
12/7/2021,370,377.9,370,372,"59,150.00"
12/6/2021,370,373,357,370,"98,163.00"
12/5/2021,378,383.8,365.1,369,"94,079.00"
12/2/2021,381.4,383,375,377.4,"87,242.00"
12/1/2021,376,379,374,374,"65,797.00"
11/30/2021,374.1,381,370.1,376,"106,155.00"
11/29/2021,379,383,373.4,374,"71,430.00"
11/28/2021,388,388,377.4,379,"78,205.00"
11/25/2021,386,392,386,388,"49,647.00"
11/24/2021,394.9,395,383.1,387,"38,419.00"
11/23/2021,394,394,388.7,389.7,"40,645.00"
11/22/2021,395,397,390,391.5,"38,405.00"
11/21/2021,394,397,393,393,"24,380.00"
11/18/2021,399,400,393.8,394,"49,610.00"
11/17/2021,404.9,405,396,398.5,"47,947.00"
11/16/2021,398.8,399,395,399,"68,996.00"
11/15/2021,395,400,394,394.8,"51,694.00"
11/14/2021,398,399,392,394.5,"46,955.00"
11/11/2021,405,405,393,399,"58,943.00"
11/9/2021,413,414,404,404.1,"77,287.00"
11/8/2021,420,424.4,412.5,414,"46,299.00"
11/3/2021,417,418,413,416.1,"78,596.00"
11/2/2021,415,418,414.7,415,"60,246.00"
11/1/2021,422.2,422.2,411.6,414.8,"133,800.00"
10/31/2021,421,427,413.6,414,"176,901.00"
10/28/2021,414,415,411,413,"37,540.00"
10/27/2021,412,420,411,415,"76,003.00"
10/26/2021,408.5,416.9,408,416.8,"68,914.00"
10/25/2021,400,404,399,404,"51,482.00"
10/24/2021,385.1,395,385.1,394.5,"40,832.00"
10/21/2021,400,400,390,390,"56,513.00"
10/20/2021,397,405,395,397,"46,384.00"
10/19/2021,405,405,388,390,"82,549.00"
10/18/2021,406.1,408,399,401,"53,068.00"
10/17/2021,410,412,403,410,"25,763.00"
10/11/2021,410,410,401,410,"45,430.00"
10/10/2021,410,419.4,409,409.9,"53,200.00"
10/6/2021,412,412,405,409,"71,209.00"
10/5/2021,407,410,402.6,405,"37,896.00"
10/4/2021,405,408.9,395,400,"81,606.00"
10/3/2021,415,415,399,402,"77,945.00"
9/30/2021,416,418,409,409,"57,577.00"
9/29/2021,415,418,400,416,"88,535.00"
9/28/2021,419,420,407,409,"88,646.00"
9/27/2021,432,432,416.1,418,"90,612.00"
9/26/2021,442,450,430,432,"117,308.00"
9/23/2021,432.4,449,432,434.2,"187,872.00"
9/22/2021,419,425,417,424,"78,257.00"
9/21/2021,408,428,395,411,"111,562.00"
9/20/2021,425,428,410,410.3,"141,745.00"
9/16/2021,430,430,420.1,421.3,"142,013.00"
9/15/2021,433,433,428,430,"62,318.00"
9/14/2021,440,445,432.9,433.5,"78,115.00"
9/13/2021,432,440,432,438,"77,215.00"
9/12/2021,440,441,428,432,"102,331.00"
9/9/2021,438.1,439,427,432,"84,672.00"
9/8/2021,440,441,425,430.9,"132,390.00"
9/7/2021,452,452,438,440,"77,053.00"
9/6/2021,428,448,425,448,"121,636.00"
9/5/2021,441,441,422.1,428,"172,437.00"
9/2/2021,449.9,451,439,441,"130,405.00"
9/1/2021,448,452,439.1,446.5,"112,030.00"
8/31/2021,449,449,440,444,"143,720.00"
8/29/2021,455,460,446,449,"195,353.00"
8/26/2021,458,461,448.4,453,"187,783.00"
8/25/2021,463,463,455,456,"111,112.00"
8/24/2021,470,475,460.2,462,"111,029.00"
8/19/2021,475,480,468,468,"170,403.00"
8/18/2021,475,482,465,474.9,"176,978.00"
8/17/2021,482,482,470,473,"170,349.00"
8/16/2021,490,490,478,479,"159,892.00"
8/15/2021,494,494,480,483.5,"309,794.00"
8/12/2021,481,490,481,485.1,"181,474.00"
8/11/2021,495,500,482,484.1,"197,219.00"
8/10/2021,475,495.1,475,488,"228,883.00"
8/9/2021,484,484,477,477.5,"124,556.00"
8/8/2021,485,485,480,481,"134,664.00"
8/5/2021,485,485,479,481,"133,529.00"
8/4/2021,483,487.9,480,481.9,"108,354.00"
8/3/2021,488,488,477.3,481,"175,589.00"
8/2/2021,487.8,490,484,484,"112,338.00"
8/1/2021,485,494.7,485,487.8,"116,366.00"
7/29/2021,490,493,485.5,485.5,"131,486.00"
7/28/2021,496,503,487.3,490,"164,021.00"
7/27/2021,490,497,472,495.5,"372,228.00"
7/26/2021,517,517,495.9,499,"388,580.00"
7/25/2021,498,513,498,510.8,"499,345.00"
7/22/2021,482,495,478,492,"397,006.00"
7/20/2021,488,488,473,480,"219,942.00"
7/19/2021,472,490,468,479,"575,062.00"
7/18/2021,446,469,444,463,"356,221.00"
7/15/2021,442,444,435,440,"147,573.00"
7/14/2021,445,445,440,442,"66,406.00"
7/13/2021,450,450,436,443,"71,742.00"
7/12/2021,448,451,439,441,"141,553.00"
7/11/2021,444,445,436,445,"165,440.00"
7/8/2021,435,442,434,436,"117,018.00"
7/7/2021,440,440,435,435,"65,430.00"
7/6/2021,434,437,433,436,"55,218.00"
7/5/2021,437,440,432,436,"72,802.00"
7/4/2021,444,444,436,437,"64,672.00"
7/1/2021,441,447,438,439,"79,717.00"
6/30/2021,440,441,435,441,"85,430.00"
6/29/2021,423,447,423,440,"90,235.00"
6/28/2021,450,451,443,445,"140,799.00"
6/27/2021,437,446,435,443,"168,912.00"
6/24/2021,416,445,416,436,"138,120.00"
6/23/2021,445,450,436,437,"128,900.00"
6/22/2021,434,445,432,445,"152,975.00"
6/21/2021,445,451,434,434,"226,120.00"
6/20/2021,455,455,438,441,"241,771.00"
6/17/2021,457,460,451,451,"176,663.00"
6/16/2021,450,466,450,456,"204,408.00"
6/15/2021,464,468,457,458,"274,450.00"
6/14/2021,452,469,450,458,"441,744.00"
6/13/2021,450,452,444,448,"278,933.00"
6/10/2021,455,455,446,447,"224,442.00"
6/9/2021,465,465,450,452,"213,775.00"
6/8/2021,460,460,448,456,"285,798.00"
6/7/2021,461,470,447,452,"476,187.00"
6/6/2021,450,472,450,461,"640,308.00"
6/3/2021,435,449,431,442,"457,880.00"
6/2/2021,433,433,429,432,"129,625.00"
6/1/2021,436,437,428,430,"145,225.00"
5/31/2021,441,444,433,434,"195,829.00"
5/30/2021,430,441,430,438,"242,012.00"
5/27/2021,426,434,422,430,"166,463.00"
5/25/2021,440,440,431,431,"144,849.00"
5/24/2021,438,451,433,437,"342,503.00"
5/23/2021,429,436,417,436,"208,985.00"
5/20/2021,430,434,428,429,"100,987.00"
5/19/2021,429,433,425,427,"211,175.00"
5/18/2021,430,430,423,425,"151,670.00"
5/17/2021,430,430,421,425,"150,610.00"
5/16/2021,420,424,416,423,"167,954.00"
5/13/2021,420,420,415,415,"89,463.00"
5/12/2021,420,420,415,416,"59,730.00"
5/11/2021,417,419,416,418,"63,188.00"
5/10/2021,413,416,410,414,"56,168.00"
5/9/2021,413,417,410,413,"125,202.00"
5/6/2021,415,417,410,412,"102,514.00"
5/5/2021,436,436,411,414,"61,603.00"
5/4/2021,421,421,413,416,"63,482.00"
5/3/2021,442,442,415,417,"92,854.00"
5/2/2021,395,423,395,421,"122,228.00"
4/29/2021,414,418,412,414,"69,138.00"
4/28/2021,425,425,410,412,"117,707.00"
4/27/2021,423,423,402,411,"133,908.00"
4/26/2021,410,414,402,403,"164,932.00"
4/25/2021,421,425,411,413,"207,673.00"
4/22/2021,442,442,417,421,"102,241.00"
4/21/2021,428,430,420,421,"101,360.00"
4/20/2021,431,431,422,426,"118,952.00"
4/19/2021,432,432,423,424,"138,455.00"
4/18/2021,444,445,431,432,"171,867.00"
4/15/2021,441,447,437,440,"238,956.00"
4/13/2021,432,439,428,437,"164,812.00"
4/12/2021,421,433,421,431,"167,216.00"
4/8/2021,426,430,423,424,"112,006.00"
4/7/2021,445,445,422,425,"136,765.00"
4/6/2021,425,427,421,424,"81,414.00"
4/5/2021,430,432,423,425,"96,013.00"
4/4/2021,405,435,405,427,"124,196.00"
4/1/2021,432,432,425,426,"109,706.00"
3/31/2021,421,431,420,428,"150,069.00"
3/30/2021,423,425,419,421,"89,740.00"
3/29/2021,421,428,417,422,"108,675.00"
3/25/2021,430,430,420,421,"104,590.00"
3/24/2021,430,430,420,427,"128,160.00"
3/23/2021,420,424,417,422,"91,811.00"
3/22/2021,430,430,422,423,"126,669.00"
3/21/2021,416,428,416,428,"211,184.00"
3/18/2021,416,420,413,415,"103,683.00"
3/17/2021,414,415,408,412,"77,720.00"
3/16/2021,410,414,406,409,"144,694.00"
3/15/2021,400,418,400,410,"117,920.00"
3/14/2021,426,426,410,412,"192,454.00"
3/10/2021,425,425,419,421,"102,913.00"
3/9/2021,425,427,422,425,"90,773.00"
3/7/2021,436,436,424,426,"104,756.00"
3/4/2021,422,432,420,429,"120,249.00"
3/3/2021,425,426,416,421,"157,553.00"
3/2/2021,437,440,421,423,"188,354.00"
3/1/2021,450,450,422,435,"162,226.00"
2/28/2021,440,444,428,430,"243,519.00"
2/25/2021,475,475,444,446,"167,029.00"
2/24/2021,455,469,450,456,"204,434.00"
2/23/2021,479,479,441,450,"283,469.00"
2/22/2021,473,474,455,457,"260,937.00"
2/21/2021,480,480,466,473,"271,841.00"
2/18/2021,485,485,473,474,"258,073.00"
2/17/2021,475,484,471,474,"319,668.00"
2/16/2021,450,481,450,469,"527,060.00"
2/15/2021,445,452,443,450,"260,034.00"
2/14/2021,425,450,425,440,"195,794.00"
2/11/2021,440,449,440,441,"239,598.00"
2/10/2021,442,447,435,443,"282,311.00"
2/9/2021,450,453,439,440,"264,381.00"
2/8/2021,406,445,406,442,"367,537.00"
2/7/2021,407,440,407,427,"173,363.00"
2/4/2021,411,438,411,428,"143,800.00"
2/3/2021,438,445,430,432,"228,356.00"
2/2/2021,430,436,427,434,"191,450.00"
2/1/2021,429,434,417,426,"106,287.00"
1/31/2021,425,432,419,421,"197,295.00"
1/28/2021,430,438,423,425,"265,321.00"
1/27/2021,430,430,423,425,"155,397.00"
1/26/2021,433,435,423,426,"227,451.00"
1/25/2021,454,454,427,431,"248,911.00"
1/24/2021,437,442,430,433,"260,333.00"
1/21/2021,437,443,434,435,"193,265.00"
1/20/2021,457,457,431,437,"186,008.00"
1/19/2021,441,445,433,436,"169,492.00"
1/18/2021,448,449,438,439,"197,747.00"
1/17/2021,440,451,440,446,"271,617.00"
1/13/2021,443,446,439,444,"284,054.00"
1/12/2021,444,445,431,437,"180,534.00"
1/11/2021,423,450,423,437,"427,211.00"
1/10/2021,412,424,412,423,"318,095.00"
1/7/2021,411,416,408,408,"226,348.00"
1/6/2021,413,417,407,409,"162,719.00"
1/5/2021,408,416,401,409,"181,295.00"
1/4/2021,415,422,406,411,"243,148.00"
1/3/2021,392,412,392,407,"330,742.00"
12/31/2020,390,391,379,388,"218,544.00"
12/30/2020,428,430,420,427,"213,444.00"
12/29/2020,428,429,421,422,"127,605.00"
12/28/2020,429,429,420,423,"70,074.00"
12/27/2020,432,433,424,426,"172,515.00"
12/24/2020,439,439,427,428,"110,812.00"
12/23/2020,442,450,431,433,"167,601.00"
12/22/2020,440,441,427,436,"282,250.00"
12/21/2020,427,442,411,433,"255,964.00"
12/20/2020,452,452,433,435,"271,243.00"
12/17/2020,479,479,450,452,"145,867.00"
12/16/2020,452,462,449,457,"141,784.00"
12/15/2020,460,462,452,454,"115,112.00"
12/14/2020,454,469,453,456,"115,113.00"
12/13/2020,464,464,445,454,"246,575.00"
12/10/2020,465,465,438,442,"107,388.00"
12/9/2020,473,473,442,443,"117,324.00"
12/8/2020,459,464,447,451,"140,780.00"
12/7/2020,426,459,426,450,"185,378.00"
12/6/2020,467,474,442,445,"207,676.00"
12/3/2020,470,485,460,467,"256,063.00"
12/2/2020,459,471,448,461,"197,191.00"
12/1/2020,464,470,450,456,"237,708.00"
11/30/2020,488,505,459,464,"472,431.00"
11/29/2020,450,484,448,479,"460,172.00"
11/26/2020,445,450,439,444,"311,506.00"
11/25/2020,445,445,434,438,"231,704.00"
11/24/2020,437,437,430,430,"163,542.00"
11/23/2020,437,438,429,432,"119,303.00"
11/22/2020,451,451,426,436,"266,471.00"
11/19/2020,427,432,426,430,"167,844.00"
11/18/2020,436,436,425,427,"124,249.00"
11/12/2020,430,434,427,428,"248,456.00"
11/11/2020,419,431,419,426,"188,385.00"
11/10/2020,413,420,412,417,"175,699.00"
11/9/2020,399,422,399,415,"125,672.00"
11/8/2020,420,424,418,419,"86,825.00"
11/5/2020,421,424,420,421,"59,701.00"
11/4/2020,430,430,419,421,"54,797.00"
11/3/2020,424,424,420,422,"82,561.00"
11/2/2020,426,426,420,423,"129,530.00"
11/1/2020,441,441,425,426,"110,211.00"
10/29/2020,440,440,431,433,"284,334.00"
10/28/2020,430,432,424,432,"179,025.00"
10/22/2020,421,424,419,421,"116,378.00"
10/21/2020,415,423,414,418,"98,551.00"
10/20/2020,408,411,408,410,"40,447.00"
10/19/2020,406,409,405,408,"41,725.00"
10/18/2020,410,410,405,408,"43,817.00"
10/15/2020,414,417,408,408,"37,831.00"
10/14/2020,412,412,408,410,"56,646.00"
10/13/2020,411,412,408,409,"90,290.00"
10/12/2020,417,417,408,412,"81,820.00"
10/11/2020,412,415,410,411,"128,177.00"
10/8/2020,415,420,413,414,"93,780.00"
10/7/2020,416,417,412,417,"110,503.00"
10/6/2020,435,435,411,415,"162,936.00"
10/5/2020,417,424,413,415,"140,499.00"
10/4/2020,430,430,417,417,"86,015.00"
10/1/2020,435,435,412,416,"89,254.00"
9/30/2020,414,415,412,415,"116,461.00"
9/29/2020,418,418,413,414,"41,491.00"
9/28/2020,419,420,414,415,"59,279.00"
9/27/2020,418,421,413,419,"120,737.00"
9/24/2020,415,417,414,417,"83,439.00"
9/23/2020,416,418,413,417,"74,417.00"
9/22/2020,420,422,412,416,"178,294.00"
9/21/2020,426,427,419,422,"112,661.00"
9/20/2020,430,432,424,426,"102,521.00"
9/17/2020,437,437,419,425,"177,572.00"
9/16/2020,427,427,412,419,"44,561.00"
9/15/2020,428,429,419,421,"89,839.00"
9/14/2020,424,431,422,424,"158,797.00"
9/13/2020,422,423,417,422,"81,927.00"
9/10/2020,417,426,416,421,"77,534.00"
9/9/2020,412,421,412,420,"121,594.00"
9/8/2020,421,423,415,420,"100,359.00"
9/7/2020,429,429,419,419,"93,941.00"
9/6/2020,450,450,425,427,"142,996.00"
9/3/2020,435,437,428,432,"102,243.00"
9/2/2020,434,437,429,435,"186,415.00"
8/31/2020,424,433,424,428,"230,120.00"
8/30/2020,425,428,420,424,"65,622.00"
8/27/2020,440,440,426,426,"161,170.00"
8/26/2020,442,442,420,433,"185,649.00"
8/25/2020,437,437,419,421,"89,663.00"
8/24/2020,416,423,415,421,"129,693.00"
8/23/2020,410,413,409,413,"45,095.00"
8/20/2020,408,414,405,410,"30,416.00"
8/19/2020,410,413,403,409,"64,888.00"
8/18/2020,415,418,410,413,"56,122.00"
8/17/2020,412,414,408,411,"92,115.00"
8/16/2020,405,415,402,410,"151,362.00"
8/13/2020,424,427,417,417,"97,693.00"
8/12/2020,432,432,423,428,"42,064.00"
8/11/2020,433,437,422,427,"106,033.00"
8/10/2020,412,432,411,429,"184,024.00"
8/9/2020,406,412,400,411,"78,628.00"
8/6/2020,410,412,400,409,"88,592.00"
8/5/2020,419,420,407,410,"175,316.00"
8/3/2020,410,425,407,419,"109,441.00"
8/2/2020,425,432,413,415,"200,556.00"
7/30/2020,428,434,422,430,"107,799.00"
7/29/2020,435,435,428,430,"131,183.00"
7/28/2020,444,444,433,437,"146,800.00"
7/27/2020,442,449,435,438,"132,399.00"
7/26/2020,431,445,427,439,"152,742.00"
7/23/2020,431,435,423,431,"147,191.00"
7/22/2020,445,447,426,429,"187,887.00"
7/21/2020,446,451,432,437,"316,083.00"
7/20/2020,470,499,430,443,"441,191.00"
7/19/2020,433,454,433,454,"6,361.00"
7/16/2020,404,415,404,413,"201,806.00"
7/15/2020,394,401,389,397,"217,337.00"
7/14/2020,385,389,379,387,"179,009.00"
7/13/2020,383,390,380,382,"94,276.00"
7/12/2020,387,395,380,383,"65,612.00"
7/9/2020,388,389,380,385,"72,260.00"
7/8/2020,397,398,380,389,"115,813.00"
7/7/2020,385,399,384,392,"129,940.00"
7/6/2020,372,381,366,381,"69,440.00"
7/5/2020,365,378,355,369,"111,039.00"
7/2/2020,406,426,365,365,"51,529.00"
7/1/2020,372,401,372,399,"44,805.00"
6/30/2020,340,372,340,365,"17,394.00"
6/29/2020,349,349,321,345,"68,746.00"
5/13/2020,359,359,356,356,110
5/12/2020,370,370,366,366,160
3/22/2020,384,393,375,377,"51,747.00"
3/19/2020,378,398,366,386,"186,484.00"
3/18/2020,394,397,373,385,"155,135.00"
3/17/2020,408,409,383,388,"235,439.00"
3/16/2020,414,420,400,408,"235,808.00"
3/15/2020,430,431,409,414,"252,241.00"
3/12/2020,449,455,432,437,"213,976.00"
3/11/2020,430,451,420,448,"276,505.00"
3/10/2020,451,454,419,423,"154,625.00"
3/5/2020,453,470,451,460,"275,113.00"
3/4/2020,479,481,460,460,"297,065.00"
3/3/2020,454,494,445,479,"531,054.00"
3/2/2020,499,501,463,463,"184,765.00"
3/1/2020,505,517,490,498,"529,912.00"
2/27/2020,484,504,466,498,"318,594.00"
2/26/2020,482,495,480,484,"148,457.00"
2/25/2020,471,487,462,477,"196,613.00"
2/24/2020,466,499,465,474,"424,714.00"
2/23/2020,413,454,413,454,"284,029.00"
2/20/2020,411,415,408,413,"76,737.00"
2/19/2020,412,417,407,409,"61,581.00"
2/18/2020,403,415,403,410,"234,055.00"
2/17/2020,384,400,384,399,"192,370.00"
2/16/2020,383,383,377,380,"46,674.00"
2/13/2020,386,386,380,380,"72,585.00"
2/12/2020,380,388,380,384,"113,683.00"
2/11/2020,376,380,372,380,"92,952.00"
2/10/2020,370,373,369,372,"51,686.00"
2/9/2020,373,373,365,368,"63,312.00"
2/6/2020,366,369,365,366,"26,157.00"
2/5/2020,367,368,364,367,"29,230.00"
2/4/2020,370,374,366,366,"42,203.00"
2/3/2020,377,377,370,370,"79,966.00"
2/2/2020,366,374,366,370,"85,366.00"
1/30/2020,358,367,354,366,"59,668.00"
1/29/2020,360,361,355,358,"37,059.00"
1/28/2020,363,364,358,360,"55,136.00"
1/27/2020,348,360,346,357,"55,255.00"
1/26/2020,353,358,350,350,"40,888.00"
1/23/2020,361,364,352,355,"53,615.00"
1/22/2020,369,369,362,362,"49,584.00"
1/21/2020,369,373,365,368,"55,039.00"
1/20/2020,381,383,366,368,"101,949.00"
1/19/2020,379,381,376,376,"82,278.00"
1/16/2020,374,381,373,375,"91,468.00"
1/15/2020,360,372,359,367,"87,561.00"
1/14/2020,363,363,354,359,"50,061.00"
1/13/2020,364,371,356,362,"116,507.00"
1/12/2020,337,368,337,361,"75,020.00"
1/9/2020,335,340,334,335,"28,036.00"
1/8/2020,342,346,335,337,"57,283.00"
1/7/2020,336,341,334,340,"79,407.00"
1/6/2020,332,336,330,334,"68,334.00"
1/5/2020,323,329,322,329,"54,331.00"
1/2/2020,324,324,322,323,"27,521.00"
1/1/2020,323,324,322,323,"23,763.00"
12/31/2019,324,324,322,324,"32,462.00"
12/30/2019,321,324,321,324,"78,507.00"
12/29/2019,325,325,322,323,"17,853.00"
12/26/2019,329,329,323,325,"41,536.00"
12/25/2019,330,330,323,324,"30,314.00"
12/24/2019,328,330,325,325,"56,332.00"
12/23/2019,325,327,324,327,"98,291.00"
12/22/2019,332,332,322,326,"102,132.00"
12/19/2019,400,402,400,402,"307,226.00"
12/18/2019,401,403,399,400,"122,451.00"
12/17/2019,403,403,397,401,"86,445.00"
12/16/2019,404,405,400,400,"113,564.00"
12/15/2019,397,407,397,403,"158,040.00"
12/12/2019,397,399,395,397,"96,469.00"
12/11/2019,386,397,385,395,"69,169.00"
12/10/2019,388,392,372,391,"99,238.00"
12/9/2019,388,390,386,388,"49,463.00"
12/8/2019,388,389,385,388,"41,612.00"
12/5/2019,387,388,386,388,"57,511.00"
12/4/2019,386,387,385,387,"44,700.00"
12/3/2019,388,388,384,385,"49,590.00"
12/2/2019,385,385,383,385,"50,456.00"
12/1/2019,385,385,383,385,"45,092.00"
11/28/2019,385,385,383,383,"41,618.00"
11/27/2019,380,384,379,383,"72,063.00"
11/26/2019,379,382,378,380,"35,062.00"
11/25/2019,378,381,375,379,"54,533.00"
11/24/2019,385,385,378,378,"55,696.00"
11/21/2019,385,386,381,382,"112,465.00"
11/20/2019,385,390,385,386,"91,627.00"
11/19/2019,386,387,384,384,"83,147.00"
11/18/2019,386,387,381.6,386,"95,670.00"
11/17/2019,383,386,381,385,"84,288.00"
11/14/2019,378,381,376,380,"113,239.00"
11/13/2019,380,380,376,378,"82,679.00"
11/12/2019,388,388,378,380,"169,096.00"
11/11/2019,363,390,363,383,"367,157.00"
11/10/2019,353,360,347,356,"162,209.00"
11/7/2019,345,350,333,347,"328,151.00"
5/16/2019,385,385,380,382,"48,836.00"
5/15/2019,388,392,385,387,"81,993.00"
5/14/2019,381,388,380,388,"76,797.00"
5/13/2019,378,381,378,381,"21,419.00"
5/12/2019,375,382,375,381,"22,299.00"
5/9/2019,384,385,376,380,"98,484.00"
5/8/2019,383,386,382,383,"28,675.00"
5/7/2019,385,391,385,387,"68,794.00"
5/6/2019,382,386,374,386,"81,644.00"
5/5/2019,385,385,375,376,"56,175.00"
5/2/2019,381,386,379,383,"42,074.00"
4/30/2019,386,390,380,386,"42,185.00"
4/29/2019,383,391,383,386,"76,279.00"
4/28/2019,394,398,389,389,"135,953.00"
4/25/2019,390,400,390,396,"134,958.00"
4/24/2019,380,391,380,390,"102,457.00"
4/23/2019,383,386,378,380,"76,009.00"
4/22/2019,388,389,377,382,"92,343.00"
4/21/2019,385,390,379,388,"96,067.00"
4/18/2019,389,390,384,385,"93,648.00"
4/17/2019,377,390,373,389,"189,582.00"
4/16/2019,360,377,360,377,"185,038.00"
4/15/2019,356,362,356,362,"45,727.00"
4/11/2019,355,358,352,356,"86,342.00"
4/10/2019,351,357,347,355,"72,189.00"
4/9/2019,364,364,351,351,"95,391.00"
4/8/2019,353,364,346,357,"152,538.00"
4/7/2019,337,352,335,349,"96,825.00"
4/4/2019,337,339,334,336,"37,453.00"
4/3/2019,336,340,331,338,"63,376.00"
4/2/2019,333,339,332,335,"80,947.00"
4/1/2019,323,332,323,331,"49,552.00"
3/31/2019,327,330,326,328,"16,376.00"
3/28/2019,324,327,324,327,"26,581.00"
3/27/2019,325,326,323,325,"29,980.00"
3/26/2019,319,327,319,325,"29,747.00"
3/25/2019,321,325,317,322,"13,920.00"
3/24/2019,317,324,317,318,"24,543.00"
3/21/2019,322,325,321,321,"12,394.00"
3/19/2019,325,330,322,322,"7,431.00"
3/18/2019,325,329,323,325,"29,983.00"
3/17/2019,325,328,325,326,"28,877.00"
3/14/2019,321,326,319,325,"27,872.00"
3/13/2019,328,330,319,324,"44,594.00"
3/12/2019,323,327,320,325,"39,242.00"
3/11/2019,320,322,316,322,"30,794.00"
3/10/2019,317,320,311,318,"15,296.00"
3/7/2019,308,315,307,315,"18,431.00"
3/6/2019,306,308,304,306,"37,701.00"
3/5/2019,307,307,303,306,"25,718.00"
3/3/2019,302,307,302,307,"31,553.00"
2/27/2019,303,307,302,303,"33,696.00"
2/26/2019,302,305,302,304,"19,594.00"
2/25/2019,302,306,300,302,"22,112.00"
2/24/2019,301,307,300,302,"23,498.00"
2/21/2019,308,308,301,301,"21,119.00"
2/20/2019,310,310,305,305,"19,783.00"
2/19/2019,308,309,305,309,"12,380.00"
2/18/2019,309,309,304,306,"34,435.00"
2/17/2019,309,311,306,309,"23,812.00"
2/14/2019,310,311,307,308,"30,824.00"
2/13/2019,312,317,309,311,"17,557.00"
2/12/2019,313,313,310,311,"15,882.00"
2/11/2019,308,314,307,311,"26,558.00"
2/10/2019,312,314,310,310,"22,620.00"
2/7/2019,312,315,312,313,"16,558.00"
2/6/2019,315,317,312,312,"20,208.00"
2/5/2019,314,317,312,315,"26,733.00"
2/4/2019,315,318,314,316,"19,122.00"
2/3/2019,316,319,315,316,"42,639.00"
1/31/2019,317,318,316,317,"9,956.00"
1/30/2019,316,317,315,317,"12,242.00"
1/29/2019,316,318,315,316,"12,095.00"
1/28/2019,320,320,316,317,"26,798.00"
1/27/2019,323,323,315,316,"32,446.00"
1/24/2019,322,322,317,319,"19,202.00"
1/23/2019,318,320,318,320,"14,725.00"
1/22/2019,319,323,317,317,"28,442.00"
1/21/2019,321,323,318,319,"19,465.00"
1/20/2019,321,323,320,321,"3,310.00"
1/17/2019,323,324,321,324,"8,437.00"
1/16/2019,325,328,322,323,"15,916.00"
1/15/2019,329,329,325,325,"8,855.00"
1/14/2019,326,326,322,325,"16,856.00"
1/13/2019,321,326,321,326,"13,010.00"
1/10/2019,326,328,325,325,"19,545.00"
1/9/2019,330,330,326,326,"10,488.00"
1/8/2019,328,329,324,326,"20,069.00"
1/7/2019,315,325,315,324,"15,486.00"
1/6/2019,324,324,318,319,"13,603.00"
1/3/2019,323,325,321,323,"19,534.00"
1/2/2019,323,329,320,320,"31,098.00"
1/1/2019,328,332,325,325,"21,531.00"
12/31/2018,332,335,329,329,"41,159.00"
12/30/2018,337,339,333,335,"24,462.00"
12/27/2018,345,345,335,337,"47,419.00"
12/26/2018,337,347,335,343,"56,139.00"
12/25/2018,365,365,335,336,"68,089.00"
12/24/2018,398,398,385,387,"255,737.00"
12/23/2018,388,395,385,392,"185,289.00"
12/20/2018,381,388,379,381,"148,662.00"
12/19/2018,374,383,374,380,"93,014.00"
12/18/2018,385,391,375,378,"114,723.00"
12/17/2018,375,384,374,375,"81,010.00"
12/16/2018,377,377,371,374,"49,299.00"
12/13/2018,363,372,363,370,"45,063.00"
12/12/2018,363,365,362,363,"42,441.00"
12/11/2018,363,368,360,363,"69,343.00"
12/10/2018,360,363,359,363,"52,419.00"
12/9/2018,356,359,355,359,"41,526.00"
12/6/2018,348,357,347,356,"126,543.00"
12/5/2018,359,359,351,351,"67,092.00"
12/4/2018,357,360,357,359,"59,267.00"
12/3/2018,355,362,355,358,"39,922.00"
12/2/2018,361,361,355,357,"96,983.00"
11/29/2018,360,363,359,360,"74,131.00"
11/28/2018,358,360,357,360,"58,465.00"
11/27/2018,360,360,357,358,"54,285.00"
11/26/2018,357,358,355,357,"63,797.00"
11/25/2018,355,360,355,356,"102,174.00"
11/22/2018,347,362,347,356,"219,694.00"
11/21/2018,340,344,337,344,"52,506.00"
11/20/2018,343,345,341,342,"18,053.00"
11/19/2018,343,345,341,344,"8,350.00"
11/18/2018,343,345,342,343,"9,826.00"
11/15/2018,349,352,345,345,"17,565.00"
11/14/2018,349,350,347,349,"16,276.00"
11/13/2018,344,351,344,349,"11,755.00"
11/12/2018,348,350,345,346,"6,971.00"
11/11/2018,354,354,349,349,"5,503.00"
11/6/2018,351,356,347,354,"3,741.00"
11/5/2018,347,353,347,351,"17,500.00"
11/4/2018,349,350,344,347,"19,436.00"
11/1/2018,353,354,350,351,"24,500.00"
10/31/2018,354,354,351,353,"13,920.00"
10/30/2018,346,353,346,353,"23,401.00"
10/29/2018,352,352,347,349,"23,255.00"
10/28/2018,355,361,351,352,"28,925.00"
10/25/2018,359,363,355,355,"21,059.00"
10/24/2018,362,362,359,360,"22,081.00"
10/23/2018,362,363,359,362,"16,420.00"
10/22/2018,365,365,361,362,"10,989.00"
10/21/2018,359,366,359,363,"28,624.00"
10/15/2018,364,365,359,360,"61,656.00"
10/14/2018,363,364,358,362,"68,134.00"
10/11/2018,348,356,348,356,"39,258.00"
10/10/2018,347,350,347,348,"12,623.00"
10/9/2018,350,354,346,348,"34,322.00"
10/8/2018,346,352,346,350,"25,561.00"
10/7/2018,347,350,345,345,"58,212.00"
10/4/2018,350,354,345,350,"91,385.00"
10/3/2018,355,358,349,350,"74,537.00"
10/2/2018,354,360,353,357,"46,909.00"
10/1/2018,361,364,355,356,"78,213.00"
9/30/2018,366,371,363,364,"72,493.00"
9/27/2018,377,377,369,370,"57,983.00"
9/26/2018,377,377,367,373,"162,596.00"
9/25/2018,368,380,368,377,"126,992.00"
9/23/2018,362,372,358,368,"107,016.00"
9/20/2018,360,363,356,361,"106,780.00"
9/18/2018,357,360,355,358,"69,287.00"
9/17/2018,365,365,355,357,"172,901.00"
9/16/2018,356,372,352,360,"203,588.00"
9/13/2018,338,359,337,352,"172,322.00"
9/12/2018,335,340,333,338,"89,009.00"
9/11/2018,332,335,331,334,"47,395.00"
9/10/2018,335,335,330,331,"29,571.00"
9/9/2018,333,339,331,334,"62,496.00"
9/6/2018,338,342,332,336,"308,143.00"
9/5/2018,325,337,325,333,"135,629.00"
9/4/2018,325,331,323,325,"78,790.00"
9/3/2018,328,329,322,325,"76,056.00"
9/2/2018,317,326,315,324,"65,508.00"
8/30/2018,315,316,310,316,"31,183.00"
8/29/2018,318,318,308,311,"28,137.00"
8/28/2018,308,312,303,312,"46,421.00"
8/26/2018,308,310,306,308,"25,943.00"
8/23/2018,312,313,303,310,"161,413.00"
8/22/2018,319,319,315,318,"16,189.00"
8/21/2018,322,325,322,323,"9,433.00"
8/20/2018,332,332,323,325,"14,521.00"
8/19/2018,328,331,325,328,"11,354.00"
8/16/2018,329,335,320,332,"51,341.00"
8/15/2018,324,326,318,323,"28,492.00"
8/14/2018,314,320,311,320,"12,295.00"
8/13/2018,305,313,305,311,"7,615.00"
8/12/2018,318,318,307,307,"8,808.00"
8/9/2018,318,320,311,313,"9,044.00"
8/8/2018,315,319,314,316,"15,347.00"
8/7/2018,315,316,313,316,"9,910.00"
8/6/2018,317,317,314,315,"6,278.00"
8/5/2018,317,318,316,317,"5,941.00"
8/2/2018,323,328,316,318,"7,604.00"
8/1/2018,367,369,365,365,"78,789.00"
7/31/2018,371,371,364,364,"21,554.00"
7/30/2018,360,368,360,364,"29,197.00"
7/29/2018,360,362,356,361,"23,014.00"
7/26/2018,354,359,354,354,"14,723.00"
7/25/2018,357,357,354,354,"7,583.00"
7/24/2018,354,362,353,355,"16,560.00"
7/23/2018,353,357,352,354,"8,746.00"
7/22/2018,355,356,353,354,"4,968.00"
7/19/2018,356,360,355,358,"7,413.00"
7/18/2018,355,358,354,358,"10,586.00"
7/17/2018,360,360,353,355,"11,362.00"
7/16/2018,353,364,353,358,"10,405.00"
7/15/2018,350,354,350,351,"8,501.00"
7/12/2018,360,361,352,354,"15,943.00"
7/11/2018,351,358,351,354,"14,091.00"
7/10/2018,342,349,342,345,"3,010.00"
7/9/2018,345,346,341,343,"5,778.00"
7/8/2018,355,360,349,349,"5,432.00"
7/5/2018,344,354,341,352,"13,376.00"
7/4/2018,339,344,338,344,"6,609.00"
7/3/2018,342,343,338,339,"10,252.00"
7/2/2018,339,345,339,340,"1,603.00"
7/1/2018,345,347,342,342,"8,686.00"
6/28/2018,347,347,344,346,"8,967.00"
6/27/2018,345,347,342,346,"3,093.00"
6/26/2018,349,349,342,346,"8,852.00"
6/25/2018,349,349,344,348,"7,154.00"
6/24/2018,355,355,349,349,"8,269.00"
6/21/2018,358,358,345,349,"12,027.00"
6/20/2018,352,366,351,351,"12,642.00"
6/19/2018,357,357,349,350,"20,717.00"
6/18/2018,350,353,349,351,"31,970.00"
6/17/2018,365,365,355,355,"54,367.00"
6/14/2018,370,382,368,372,"28,450.00"
6/13/2018,365,371,362,368,"14,440.00"
6/12/2018,370,371,366,367,"5,902.00"
6/11/2018,369,378,363,371,"14,404.00"
6/10/2018,375,375,366,370,"28,282.00"
6/7/2018,392,392,380,380,"18,666.00"
6/6/2018,395,410,395,395,"5,153.00"
6/4/2018,395,401,395,395,"14,887.00"
6/3/2018,397,413,390,397,"14,422.00"
5/31/2018,414,415,405,405,"13,468.00"
5/30/2018,412,420,411,414,"25,450.00"
5/29/2018,436,436,413,419,"71,425.00"
5/28/2018,430,452,430,444,"12,893.00"
5/27/2018,445,445,437,437,"9,758.00"
5/24/2018,452,453,450,450,"7,374.00"
5/23/2018,456,456,453,455,"10,050.00"
5/22/2018,455,460,451,458,"2,770.00"
5/21/2018,460,461,458,460,"4,432.00"
5/20/2018,471,471,458,465,"17,259.00"
5/17/2018,460,465,458,465,"13,794.00"
5/16/2018,464,464,459,460,"10,975.00"
5/15/2018,460,461,460,461,"2,935.00"
5/14/2018,460,462,458,460,"11,526.00"
5/10/2018,462,466,462,463,"25,579.00"
5/9/2018,465,470,460,463,"35,837.00"
5/8/2018,469,469,462,469,"11,667.00"
5/7/2018,465,468,460,463,"18,538.00"
5/6/2018,476,476,466,466,"4,645.00"
5/3/2018,477,477,469,470,"9,608.00"
5/2/2018,467,469,452,469,"6,375.00"
4/29/2018,475,475,465,466,"4,650.00"
4/26/2018,481,481,466,473,"14,450.00"
4/25/2018,475,479,470,472,"13,223.00"
4/24/2018,476,485,474,479,"13,367.00"
4/23/2018,495,502,477,478,"35,071.00"
4/22/2018,482,490,476,486,"35,631.00"
4/19/2018,456,480,456,479,"31,030.00"
4/18/2018,453,479,450,457,"16,845.00"
4/17/2018,451,461,445,456,"9,962.00"
4/16/2018,440,446,439,444,"5,964.00"
4/15/2018,440,445,434,440,"4,663.00"
4/12/2018,440,445,438,445,"13,223.00"
4/11/2018,438,444,431,435,"17,387.00"
4/10/2018,440,450,440,446,"6,729.00"
4/9/2018,462,462,448,448,"6,869.00"
4/8/2018,441,455,438,453,"13,817.00"
4/5/2018,433,444,426,441,"11,937.00"
4/4/2018,416,426,416,425,"5,028.00"
4/3/2018,410,418,410,416,"2,804.00"
4/2/2018,414,420,413,413,"3,514.00"
4/1/2018,421,421,410,414,"4,613.00"
3/29/2018,418,430,418,421,"7,500.00"
3/28/2018,410,423,402,420,"12,649.00"
3/27/2018,391,410,384,410,"12,758.00"
3/26/2018,406,406,393,395,"17,197.00"
3/22/2018,413,420,410,412,"18,850.00"
3/21/2018,420,425,416,420,"7,025.00"
3/20/2018,433,433,420,424,"7,288.00"
3/19/2018,436,439,433,433,"5,900.00"
3/18/2018,440,441,433,436,"10,435.00"
3/15/2018,435,441,435,440,"3,363.00"
3/14/2018,438,439,431,439,"8,840.00"
3/13/2018,436,439,431,439,"5,894.00"
3/12/2018,433,438,431,436,"7,224.00"
3/11/2018,440,440,432,433,"7,761.00"
3/7/2018,439,441,435,441,"14,773.00"
3/6/2018,435,438,420,432,"32,814.00"
3/5/2018,445,450,430,435,"15,661.00"
3/4/2018,450,450,424,440,"10,971.00"
2/28/2018,456,459,451,455,"14,739.00"
2/27/2018,453,464,453,460,"6,705.00"
2/26/2018,460,463,453,453,"7,378.00"
2/25/2018,460,463,458,460,"7,549.00"
2/22/2018,470,470,462,462,"8,172.00"
2/21/2018,461,465,460,465,"4,777.00"
2/20/2018,483,484,465,465,"24,369.00"
2/18/2018,490,490,475,475,"17,687.00"
2/15/2018,466,492,462,481,"32,657.00"
2/14/2018,460,467,459,466,"13,269.00"
2/12/2018,468,470,460,460,"14,560.00"
2/11/2018,468,474,466,468,"3,093.00"
2/8/2018,463,470,465,468,"2,790.00"
2/7/2018,466,467,462,463,"4,212.00"
2/6/2018,474,471,466,466,"8,936.00"
2/5/2018,476,480,470,474,"23,034.00"
2/4/2018,472,477,473,476,"33,882.00"
2/1/2018,474,479,466,472,"19,718.00"
1/31/2018,464,474,465,474,"19,377.00"
1/29/2018,463,470,461,464,"18,395.00"
1/28/2018,447,465,447,463,"28,166.00"
1/25/2018,447,449,433,447,"10,116.00"
1/24/2018,446,450,444,447,"6,249.00"
1/23/2018,450,450,440,446,"6,593.00"
1/22/2018,443,450,440,450,"15,413.00"
1/21/2018,450,454,443,443,"15,918.00"
1/17/2018,454,453,447,450,"4,694.00"
1/16/2018,457,455,451,454,"6,698.00"
1/14/2018,460,460,456,457,"1,751.00"
1/10/2018,464,465,460,460,"3,277.00"
1/9/2018,458,464,457,464,"7,457.00"
1/8/2018,452,460,452,458,"1,992.00"
1/7/2018,456,458,447,452,"5,604.00"
1/4/2018,458,460,454,456,"2,741.00"
1/3/2018,465,460,455,458,"10,244.00"
1/2/2018,464,472,460,465,"10,550.00"
1/1/2018,453,464,450,464,"20,444.00"
12/31/2017,460,459,445,453,"12,451.00"
12/28/2017,456,461,455,460,"6,172.00"
12/27/2017,465,465,454,456,"4,897.00"
12/26/2017,468,469,460,465,"6,883.00"
12/24/2017,469,473,468,468,"6,357.00"
12/21/2017,470,472,468,469,"3,477.00"
12/20/2017,474,472,468,470,"5,311.00"
12/19/2017,469,475,472,474,"3,723.00"
12/18/2017,477,477,468,469,"8,158.00"
12/17/2017,480,480,475,477,"6,141.00"
12/14/2017,480,486,479,480,"3,252.00"
12/13/2017,481,482,476,480,"3,566.00"
12/12/2017,489,490,481,481,"7,084.00"
12/11/2017,491,490,488,489,"3,268.00"
12/10/2017,491,494,490,491,"12,108.00"
12/6/2017,484,493,488,491,"10,114.00"
12/5/2017,490,487,483,484,"7,749.00"
12/4/2017,490,491,486,490,"22,202.00"
11/30/2017,487,490,480,490,"7,639.00"
11/29/2017,485,491,487,487,"9,059.00"
11/28/2017,479,487,479,485,"18,281.00"
11/27/2017,480,489,479,479,"4,879.00"
11/26/2017,472,484,472,480,"4,437.00"
11/23/2017,466,475,470,472,"4,785.00"
11/22/2017,466,470,465,466,"2,932.00"
11/21/2017,465,474,466,466,"1,744.00"
11/20/2017,470,470,465,465,"6,428.00"
11/19/2017,480,480,453,470,"12,507.00"
11/16/2017,483,480,472,480,"12,019.00"
11/15/2017,479,490,478,483,"6,895.00"
11/14/2017,474,487,474,479,"6,223.00"
11/13/2017,471,480,473,474,"9,283.00"
11/12/2017,468,471,466,471,"7,484.00"
11/9/2017,464,470,463,468,"4,745.00"
11/8/2017,471,473,453,464,"8,499.00"
11/7/2017,474,477,470,471,"8,477.00"
11/6/2017,473,480,466,474,"7,939.00"
11/5/2017,485,482,470,473,"11,638.00"
11/2/2017,478,490,479,485,"7,590.00"
11/1/2017,480,479,475,478,"6,165.00"
10/31/2017,484,482,478,480,"6,232.00"
10/30/2017,485,488,478,484,"3,162.00"
10/29/2017,485,486,480,485,"14,379.00"
10/25/2017,487,487,484,485,"2,121.00"
10/24/2017,488,491,483,487,"3,723.00"
10/23/2017,492,488,480,488,"5,706.00"
10/22/2017,490,495,490,492,"2,355.00"
10/18/2017,485,495,480,490,"4,213.00"
10/17/2017,494,505,485,485,"7,491.00"
10/16/2017,476,494,480,494,"4,979.00"
10/15/2017,470,479,465,476,"14,124.00"
10/12/2017,467,471,463,470,"7,788.00"
10/11/2017,470,474,465,467,"4,347.00"
10/10/2017,465,470,460,470,"3,155.00"
10/9/2017,470,475,460,465,"11,468.00"
10/8/2017,481,472,455,470,"4,675.00"
10/4/2017,494,497,481,481,"3,611.00"
10/3/2017,494,494,494,494,169
9/26/2017,488,494,482,494,"3,008.00"
9/25/2017,480,488,475,488,"3,199.00"
9/24/2017,482,483,480,480,"1,390.00"
9/20/2017,487,487,475,482,"5,776.00"
9/18/2017,480,487,478,487,"3,075.00"
9/17/2017,477,486,475,480,"8,061.00"
9/14/2017,464,477,464,477,"5,839.00"
9/13/2017,472,472,450,464,"8,205.00"
9/12/2017,470,477,467,472,"9,233.00"
9/11/2017,470,483,461,470,"5,991.00"
9/10/2017,485,480,470,470,"16,947.00"
9/7/2017,488,492,484,485,"7,211.00"
9/6/2017,478,491,483,488,"10,724.00"
9/4/2017,500,500,478,478,"15,259.00"
8/31/2017,506,508,498,500,"11,312.00"
8/30/2017,517,513,505,506,"10,529.00"
8/28/2017,523,524,514,517,"7,136.00"
8/27/2017,522,540,523,523,"5,300.00"
8/24/2017,521,522,511,522,"5,456.00"
8/23/2017,526,528,516,521,"4,859.00"
8/22/2017,523,535,514,526,"4,098.00"
8/21/2017,525,528,520,523,"3,251.00"
8/20/2017,531,531,523,525,"5,409.00"
8/17/2017,531,534,529,531,"6,015.00"
8/16/2017,533,543,526,531,"6,203.00"
8/15/2017,538,541,532,533,"5,525.00"
8/13/2017,544,542,534,538,"14,171.00"
8/10/2017,548,548,540,544,"9,234.00"
8/9/2017,552,553,546,548,"5,811.00"
8/7/2017,552,560,551,552,"9,131.00"
8/6/2017,556,557,550,552,"8,858.00"
8/3/2017,555,557,553,556,"9,984.00"
8/2/2017,554,557,550,555,"3,839.00"
8/1/2017,554,559,552,554,"6,343.00"
7/31/2017,552,565,550,554,"15,503.00"
7/30/2017,553,560,545,552,"6,616.00"
7/27/2017,541,559,544,553,"19,026.00"
7/26/2017,543,544,538,541,"17,041.00"
7/25/2017,550,555,543,543,"10,604.00"
7/24/2017,552,552,537,550,"19,509.00"
7/23/2017,559,566,546,552,"13,420.00"
7/20/2017,565,564,556,559,"6,683.00"
7/19/2017,578,580,565,565,"18,836.00"
7/18/2017,551,578,558,578,"12,104.00"
7/17/2017,545,553,540,551,"8,427.00"
7/16/2017,545,545,540,545,"6,607.00"
7/13/2017,550,555,540,545,"11,036.00"
7/12/2017,552,552,546,550,"5,741.00"
7/11/2017,536,554,540,552,"10,846.00"
7/10/2017,555,560,526,536,"8,157.00"
7/9/2017,543,564,528,555,"14,587.00"
7/6/2017,532,549,538,543,"15,255.00"
7/5/2017,526,532,520,532,"6,232.00"
7/4/2017,531,532,526,526,"5,806.00"
7/3/2017,530,537,530,531,"9,042.00"
7/2/2017,540,540,530,530,"8,005.00"
6/28/2017,544,549,538,540,"6,559.00"
6/27/2017,547,547,540,544,"9,724.00"
6/25/2017,543,550,543,547,"5,224.00"
6/22/2017,543,545,541,543,"9,977.00"
6/21/2017,545,546,530,543,"8,777.00"
6/20/2017,543,550,540,545,"6,017.00"
6/19/2017,551,549,543,543,"13,637.00"
6/18/2017,563,565,551,551,"7,603.00"
6/15/2017,565,574,554,563,"10,662.00"
6/14/2017,568,569,560,565,"8,700.00"
6/13/2017,566,572,562,568,"5,572.00"
6/12/2017,567,571,556,566,"14,492.00"
6/11/2017,576,587,565,567,"36,850.00"
6/8/2017,583,582,573,576,"6,317.00"
6/7/2017,594,608,583,583,"18,015.00"
6/6/2017,558,595,565,594,"34,088.00"
6/5/2017,554,563,552,558,"9,387.00"
6/4/2017,558,560,550,554,"12,660.00"
6/1/2017,560,566,558,558,"20,334.00"
5/31/2017,565,569,550,560,"29,005.00"
5/30/2017,576,585,565,565,"7,093.00"
5/28/2017,585,585,572,576,"8,354.00"
5/24/2017,590,590,575,585,"10,297.00"
5/23/2017,590,600,579,590,"3,791.00"
5/22/2017,576,590,570,590,"7,271.00"
5/21/2017,590,591,576,576,"6,693.00"
5/18/2017,595,596,580,590,"31,431.00"
5/17/2017,605,606,595,595,"7,893.00"
5/16/2017,604,610,600,605,"4,410.00"
5/15/2017,604,623,603,604,"10,839.00"
5/11/2017,607,610,600,604,"18,997.00"
5/9/2017,607,616,604,607,"6,175.00"
5/8/2017,599,612,600,607,"7,535.00"
5/7/2017,616,609,594,599,"12,595.00"
5/4/2017,620,629,610,616,"14,331.00"
5/3/2017,620,632,610,620,"17,563.00"
5/2/2017,607,620,600,620,"24,704.00"
4/30/2017,607,615,594,607,"16,513.00"
4/27/2017,620,631,604,607,"13,313.00"
4/26/2017,627,630,620,620,"14,642.00"
4/25/2017,636,641,625,627,"17,996.00"
4/24/2017,647,648,630,636,"18,589.00"
4/23/2017,627,655,630,647,"57,086.00"
4/20/2017,631,640,622,627,"27,136.00"
4/19/2017,605,631,610,631,"23,771.00"
4/18/2017,620,625,593,605,"27,003.00"
4/16/2017,643,648,610,620,"21,841.00"
4/13/2017,650,659,637,643,"14,226.00"
4/12/2017,660,670,645,650,"23,128.00"
4/11/2017,667,678,651,660,"41,284.00"
4/10/2017,620,669,620,667,"50,634.00"
4/9/2017,592,625,602,620,"26,423.00"
4/6/2017,594,605,590,592,"17,687.00"
4/4/2017,596,620,589,594,"31,520.00"
4/3/2017,620,669,596,596,"24,220.00"
4/2/2017,568,620,575,620,"17,493.00"
3/30/2017,578,578,560,568,"17,496.00"
3/29/2017,576,602,568,578,"32,073.00"
3/28/2017,539,582,547,576,"23,850.00"
3/26/2017,511,551,510,539,"23,518.00"
3/23/2017,505,518,500,511,"9,340.00"
3/22/2017,491,527,490,505,"29,378.00"
3/21/2017,473,495,471,491,"15,047.00"
3/20/2017,463,490,463,473,"18,743.00"
3/19/2017,458,468,460,463,"16,399.00"
3/16/2017,460,464,457,458,"4,035.00"
3/15/2017,455,463,451,460,"5,816.00"
3/14/2017,456,461,451,455,"7,299.00"
3/13/2017,461,470,455,456,"4,313.00"
3/9/2017,457,468,457,461,"4,004.00"
3/7/2017,461,460,450,457,"14,584.00"
3/6/2017,471,475,461,461,"6,729.00"
3/5/2017,454,471,455,471,"5,575.00"
3/2/2017,454,469,448,454,"5,332.00"
3/1/2017,445,455,443,454,"6,724.00"
2/28/2017,450,445,430,445,"17,909.00"
2/26/2017,468,460,450,450,"5,816.00"
2/23/2017,472,475,465,468,"2,331.00"
2/22/2017,474,480,460,472,"3,579.00"
2/21/2017,475,492,461,474,"14,411.00"
2/20/2017,484,507,473,475,"11,144.00"
2/19/2017,478,490,465,484,"11,530.00"
2/16/2017,463,484,461,478,"20,575.00"
2/15/2017,450,469,442,463,"16,433.00"
2/14/2017,446,455,432,450,"8,912.00"
2/13/2017,435,454,413,446,"15,659.00"
2/12/2017,447,452,427,435,"18,631.00"
2/9/2017,460,462,445,447,"25,538.00"
2/8/2017,465,470,455,460,"7,900.00"
2/7/2017,467,466,454,465,"2,049.00"
2/6/2017,475,476,467,467,"9,297.00"
2/5/2017,483,483,466,475,"4,034.00"
2/2/2017,483,492,470,483,"8,359.00"
2/1/2017,458,484,455,483,"16,513.00"
1/31/2017,448,465,428,458,"14,269.00"
1/30/2017,460,460,440,448,"12,136.00"
1/26/2017,472,484,450,460,"15,765.00"
1/25/2017,487,496,470,472,"9,778.00"
1/24/2017,500,500,487,487,"13,207.00"
1/23/2017,507,502,498,500,"3,278.00"
1/22/2017,500,510,500,507,"4,273.00"
1/19/2017,505,510,500,500,"8,493.00"
1/18/2017,514,509,500,505,"7,043.00"
1/17/2017,504,515,493,514,"3,211.00"
1/16/2017,508,510,503,504,"1,013.00"
1/15/2017,510,510,500,508,"3,205.00"
1/12/2017,511,512,505,510,"9,711.00"
1/11/2017,508,517,506,511,"5,515.00"
